menutest1;
menutest2;
menutest3;
menutest4;
menutest5;
menutest6;
menutest7;
menutest8;
menutest9;
menutest10;
menutest11;
menutest12;
menutest13;
menutest14;
menutest15;
menutest16;
menutest17;
menutest18;
menutest19;
menutest20;
menutest21;
menutest22;
menutest23;
menutest24;
menutest25;
menutest26;
menutest27;
menutest28;
menutest29;
menutest30;
menutest31;
menutest32;
menutest33;
menutest34;
menutest35;
menutest36;
menutest37;
menutest38;
menutest39;
menutest40;
menutest41;
menutest42;
menutest43;
menutest44;
menutest45;
menutest46;
menutest47;
menutest48;
menutest49;
menutest50;
