maintest1;
maintest2;
maintest3;
maintest4;
maintest5;
maintest6;
maintest7;
maintest8;
maintest9;
maintest10;
maintest11;
maintest12;
maintest13;
maintest14;
maintest15;
maintest16;
maintest17;
maintest18;
maintest19;
maintest20;
maintest21;
maintest22;
maintest23;
maintest24;
maintest25;
maintest26;
maintest27;
maintest28;
maintest29;
maintest30;
maintest31;
maintest32;
maintest33;
maintest34;
maintest35;
maintest36;
maintest37;
maintest38;
maintest39;
maintest40;
maintest41;
maintest42;
maintest43;
maintest44;
maintest45;
maintest46;
maintest47;
maintest48;
maintest49;
maintest50;
