footertest1;
footertest2;
footertest3;
footertest4;
footertest5;
footertest6;
footertest7;
footertest8;
footertest9;
footertest10;
footertest11;
footertest12;
footertest13;
footertest14;
footertest15;
footertest16;
footertest17;
footertest18;
footertest19;
footertest20;
footertest21;
footertest22;
footertest23;
footertest24;
footertest25;
footertest26;
footertest27;
footertest28;
footertest29;
footertest30;
footertest31;
footertest32;
footertest33;
footertest34;
footertest35;
footertest36;
footertest37;
footertest38;
footertest39;
footertest40;
footertest41;
footertest42;
footertest43;
footertest44;
footertest45;
footertest46;
footertest47;
footertest48;
footertest49;
footertest50;
